К услугам гостей отеля Salut просторные номера со шкафом для одеждыВ 5 ресторанах отеля подают блюда итальянскойНа территории отеля Salut обустроена охраняемая парковка. Поездка от отеля Salut до 3 университетов занимает 10 минут. ;  Отель Salut - уютное и комфортабельное место для приятного отдыха и деловых встреч. Просторные и элегантно оформленные номера, вежливый персонал и широкий выбор удобств подарят гостям незабываемый опыт пребывания. Здесь каждый гость будет ощущать заботу и внимание со стороны всей команды отеля Salut.
Отель Salut расположен на Ленинском проспектеК услугам гостей отеля Salut просторные номера со шкафом для одеждыВ 5 ресторанах отеля подают блюда итальянскойНа территории отеля Salut обустроена охраняемая парковка. Поездка от отеля Salut до 3 университетов занимает 10 минут. ;  Гостиница Арбат Хаус - превосходное место для комфортного проживания в Москве. Сочетание роскоши, стильного дизайна и безупречного сервиса обеспечивает гостям незабываемый опыт. Просторные номера, изысканные рестораны и прекрасные удобства делают отель идеальным выбором для отдыха и деловых поездок.
Гостиница Арбат Хаус расположена в историческом центре МосквыГостиница располагает 129 номерами различных категорий. Все номера оформлены в классическом стиле и имеют бесплатный доступ к Интернету через Wi-Fi. Каждый номер оснащен кондиционеромГостиница предлагает весь спектр услуг: визовая поддержка ;  Пятизвездочный дизайн-отель «СтандАрт» воплощает элегантность и роскошь в каждой детали. Отель предлагает идеальное сочетание комфорта, стиля и качественного обслуживания, чтобы удовлетворить самых требовательных гостей. Превосходный сервис и множество удобств создают безупречные условия для отдыха и работы.
Пятизвездочный дизайн-отель «СтандАрт» расположен в центре МосквыВ современных номерах с уникальным дизайном в ретрофутуристическом стиле создана особая космическая атмосфера. Многоуровневое освещение и индивидуальная система управления кондиционером обеспечивают особый комфорт для каждого гостя.В числе удобств номеров — капсульная кофемашинаПо утрам в современном ресторане YURA сервируют завтрак. По запросу осуществляется доставка еды и напитков в номер. Гости могут воспользоваться услугами консьержа и посетить тренажерный зал с фитнес-зоной. Помимо этогоУслуги консьержа можно заказать на стойке регистрации или онлайн. Также в отеле предлагаются услуги индивидуального электронного консьержаОтель «СтандАрт» находится в 2 остановках метро от Белорусского железнодорожного вокзала;"  Отель «Леон Спа» - идеальное место для полного релакса и освежения духа. Сочетание комфорта, роскоши и первоклассного сервиса создает неповторимую атмосферу расслабления и уюта. Здесь каждый гость может насладиться широким спектром процедур и услуг спа-центра, чтобы ощутить полный подъем души и тела.
В отеле «Леон Спа» открыт спа-центрНа территории всего отеля работает бесплатный Wi-Fi. Просторные номера оформлены в классическом стиле и обставлены светлой современной мебелью. Кроме тогоКаждое утро в московском отеле «Леон Спа» подается завтрак.Гости могут посетить салон красотыСотрудники круглосуточной стойки регистрации могут организовать трансфер. В распоряжении гостей бесплатная парковка на территории отеля ;  Отель Москва Красносельская - идеальное место для комфортного проживания и отдыха. Здесь вы сможете насладиться высоким уровнем сервиса, уютной атмосферой и удобствами, созданными для вашего комфорта. Великолепно оформленные номера, отличная кухня и разнообразие развлечений сделают ваше пребывание в нашем отеле незабываемым.
Отель  Москва Красносельская расположен в Красносельском районеК услугам гостей отель предлагает 292 номера различной категории. В каждом номере: удобная кроватьКаждое утро завтрак подается в ресторане Гарден Гриль и Бар. В круглосуточном магазине гости могут приобрести закуски и предметы первой необходимости.Дополнительные услуги: фитнес-центр ; Отель  Золотое кольцо  - идеальное место для комфортного проживания в сердце Москвы. Благодаря своему уникальному дизайну и современным удобствам, отель создает атмосферу роскоши и уюта. Внимательный персонал всегда готов пойти на встречу и заботиться о каждом госте, делая пребывание незабываемым.
Отель «Золотое кольцо» расположен в центре культурной и деловой жизни Москвыи исторической улицы Старый АрбатВ отеле 293 номера различных категорийи швейцарскими дизайнерами в стиле элегантной классики. Номера оснащены всем необходимым для комфортабельного проживания гостей: кровати с ортопедическими матрасамиВсегда в распоряжении гостей отеля: круглосуточное обслуживание номеровс возможностью аренды персонального места;"  Пятизвездочный отель МонАрх Москва Отель это прекрасное место для комфортного отдыха и деловых поездок. Здесь каждая деталь создана с учетом потребностей гостей - просторные и элегантные номера, роскошный спа-салон, фитнес-центр и превосходный ресторан, где можно насладиться изысканной гастрономией. В отеле МонАрх Москва Отель гарантированно высокий уровень сервиса, добавляющий особый шарм и роскошь каждому пребыванию.
Гостиница МонАрх Москва Отель - это пятизвездочный отельГостиница МонАрх Москва Отель располагает 366 комфортабельными номерами разных категорийТакжеВ отеле есть 2 ресторана;"  Отель Марриотт Империал Плаза - это элегантное и роскошное место для проживания в столице. Здесь гости могут насладиться высоким уровнем сервиса, комфортными номерами и широким спектром услуг, которые обеспечивают самый приятный и беззаботный отдых. Отель предлагает изысканную кухню в своих ресторанах, современное спа-центр и уютные общественные зоны, созданные для максимального удовольствия от пребывания.
Отель Марриотт Империал Плаза расположен в МосквеК услугам гостей отеля 268 номеров и люксов. Интерьеры отеля Moscow Marriott Imperial Plaza - само воплощение стиля ар-деко! Сочетание минимализма и классикиИзумительные хрустальные люстрыТакже в отеле расположены: ресторан Galerie;"  Звезды Арбата Отель и Апартаменты — идеальное место для комфортного пребывания в Москве. Прекрасное сочетание современного дизайна и роскоши создает неповторимую атмосферу уюта и гарантирует незабываемый отдых всем гостям. Расположенный вблизи исторического центра города, отель предлагает легкий доступ ко всем популярным достопримечательностям и удобные условия для работы и отдыха.
Звезды Арбата Отель и Апартаменты расположен на берегу Москвы-реки рядом с историческим центром города недалеко от знаменитого Старого АрбатаВо всех номерах предусмотрена рабочая зонаК услугам гостей многофункциональный фитнес-центр и SPA с джакузи;" Отель «Аквамарин» - идеальный выбор для тех, кто ценит комфорт и качество обслуживания. У нас вас ждут просторные и уютные номера с современным дизайном, а также широкий спектр услуг, созданных с учетом потребностей наших гостей. Наш отель является оазисом спокойствия и релаксации в сердце города, предлагая незабываемые впечатления и возможность полностью насладиться пребыванием в Москве.
Отель «Аквамарин» расположен в самом центре столицы: недалеко от Кремля и Третьяковской галереи;" Отель предлагает уютные и комфортные номера с современными удобствами для проведения приятного отдыха. Вкусная и разнообразная кухня ресторана порадует даже самых взыскательных гурманов. Дружелюбный и внимательный персонал всегда готов помочь с любыми вопросами и пожеланиями гостей.
Все основные достопримечательности столицы находятся в шаговой доступности. До Чистых прудов можно дойти неспешным шагом за 2 минуты      Многие гости приезжают по служебным делам. От нас очень удобно добираться до всех основных учреждений      Этот недорогой отель больше ориентирован на семейный или романтический отдых      Интерьер мини-отеля представляет собой сочетание трех разнонаправленных стилей. Левое крыло стилизовано под модный андеграунд      Отель невелик      В мини-отеле 20 комфортных номеров      На всей территории отеля работает бесплатный Wi-Fi;"  Отель Арткорт Москва Центр - идеальное место для комфортного пребывания в Москве. Здесь гостей ждет высокое качество обслуживания, стильные и удобные номера и широкий спектр услуг. В отеле есть все необходимое для приятного отдыха и успешной работы, что делает его идеальным выбором для различных типов путешественников.
Отель Арткорт Москва Центр расположен в самом центре МосквыОтель находится в 10 минутах ходьбы от КремляГостиница построена на месте старинного особняка и сохранила его исторический фасад. В распоряжении гостей основной ресторан после реновации;"  Восхитительный отель, идеально расположенный в сердце города. Здесь гости могут насладиться первоклассным обслуживанием, роскошными номерами и превосходными удобствами. Отель предлагает идеальный уютный уголок для тех, кто ищет комфорт и роскошь во время своего пребывания.
Гостиница находится в 10 минутах ходьбы от станции метро «Серпуховская» и  «Павелецкая». В 5 минутах ходьбы от Павелецкого вокзала и аэроэкспресса до аэропорта Домодедово. Красная площадь находится всего в 2 остановках на метро.Гостиница предоставляет к Вашему вниманию 139 номеров разных категорий (одноместныйОформленные в классическом стиле номера гостиницы «ВАЛС» оборудованы телевизором;" Отель Mercure Москва Бауманская - это уютное и комфортабельное место для проживания в Москве. Стильный дизайн, просторные номера и отличный сервис создают атмосферу идеального отдыха. Чтобы сделать ваше пребывание еще более приятным, в отеле предлагается широкий выбор услуг и удивительные завтраки.
Отель Mercure Москва Бауманская находится в двух минутах ходьбы от станции метро БауманскаяВсего в отеле Mercure Москва Бауманская 47 номеров различный категории. Все номера оснащены кондиционерами и доступом в Интернет Wi-Fi. В ресторане отеля подают блюда русской и европейской кухни;" Отель  Милан  - это роскошное место, где современный дизайн сливается со спокойствием и высоким уровнем обслуживания. Здесь гости могут насладиться отличной кухней, комфортными номерами и расслабиться в уютной атмосфере. Тщательно продуманные детали и внимание к каждому гостю делают пребывание в отеле  Милан  незабываемым.
Отель «Милан» расположен на юге МосквыЗеленый район МосквыВ отеле 296 номеровВ отеле работает ресторан «Тиберио» с европейской кухнейК услугам гостей – девять конференц-залов с широким спектром возможностей для проведения банкетных и деловых мероприятий любого масштаба и формата.Отель «Милан» - прекрасное место для проведения свадеб;"  Отель «Милан» - идеальное место для комфортного проживания в Москве. Здесь каждая деталь создана для того, чтобы гости чувствовали себя как дома. Прекрасно оборудованные номера, изысканная кухня и безупречный сервис - всё, что необходимо для приятного и расслабляющего отдыха.
Отель «Милан» расположен на юге МосквыЗеленый район МосквыВ отеле 296 номеровВ отеле работает ресторан «Тиберио» с европейской кухнейК услугам гостей – девять конференц-залов с широким спектром возможностей для проведения банкетных и деловых мероприятий любого масштаба и формата.Отель «Милан» - прекрасное место для проведения свадеб;" Главное описание: Четырехзвездочный отель «АЭРОСТАР» - идеальный выбор для деловых и отдыхающих гостей. Отель предлагает высокий уровень обслуживания, комфортные номера и современные удобства, чтобы гости могли расслабиться и насладиться пребыванием в приятной обстановке.
Четырехзвездочный отель «АЭРОСТАР» на Ленинградском проспекте идеален как для деловыхК услугам гостей — 410 комфортабельных номеровПо утрам в ресторане Brasserie Erte подают завтрак «шведский стол»;" Гостиница «Пекин» - идеальный выбор для тех, кто ценит комфорт и изысканность. Величественный интерьер, роскошные номера и внимательный персонал создадут неповторимую атмосферу роскоши и уюта. Отель расположен в самом сердце Москвы, что делает его идеальным местом для отдыха и деловых встреч.
Гостиница «Пекин» расположена в самом центре Москвы на Садовом Кольце (на пересечении с центральной улицей города — Тверской)Отель Пекин находится в шаговой доступности от значимых культурных объектов столицы: Концертный зал имени ЧайковскогоНомерной фонд составляют 151 гостевая комната. Каждый номер имеет свой индивидуальный дизайнВо всех номерах и в лобби гостиницы доступен бесплатный Интернет Wi-Fi.Услуги:3 современных конференц-залагостеприимный консьерж-сервисресторан европейской кухнипанорамный бар авторских коктейлейкафе-пироговаяспортбар с трансляцией матчейтайский СПА-центруютный лобби барсалон красоты ;" Наш уютный бутик-отель  Арбат  - идеальный выбор для тех, кто ценит комфорт и элегантность. Здесь каждая деталь продумана до мелочей, чтобы гости чувствовали себя особенно и уютно. У нас вы найдете просторные и стильные номера, ресторан с изысканной кухней и безупречный сервис, чтобы ваше пребывание было незабываемым.
Бутик отель «АрбатКомфортабельныеДизайн каждого номера неповторим.В номере имеется ванная комнатаК услугам гостей бесплатный Wi-Fi.Бутик отель Арбат 6 удачно расположен близости от основных достопримечательностей города. В непосредственной близости Кремль -12 мин. пешком;"  Отель предлагает комфортное проживание в самом сердце Москвы. Современные номера оборудованы всем необходимым для приятного и спокойного отдыха. Великолепный сервис и внимательный персонал всегда готовы удовлетворить потребности каждого гостя.
Удобное месторасположение в центре МосквыГостиница «Славянка» предлагает 247 уютных номеров различных категорий и стоимостиC 1 июня 2020 завтрак предоставляется в формате   Ланч бокс  .В непосредственной близости от здания гостиницы находятсяВ отеле к услугам гостей:  сувенирный магазин;" Прекрасный отель в самом центре Москвы, с безупречным сервисом и роскошным интерьером. Здесь каждый гость может насладиться комфортом и уютом, находясь в центре городской суеты. Отель предлагает широкий спектр услуг и удобств, чтобы сделать пребывание каждого гостя незабываемым и приятным.
Удобное месторасположение в центре МосквыГостиница «Славянка» предлагает 247 уютных номеров различных категорий и стоимостиC 1 июня 2020 завтрак предоставляется в формате   Ланч бокс  .В непосредственной близости от здания гостиницы находятсяВ отеле к услугам гостей:  сувенирный магазин;"  Отель  Парк Тауэр  представляет собой четырехзвездочное заведение, которое с легкостью сможет удовлетворить потребности даже самого требовательного гостя. Расположенный в историческом здании бывшего отеля  Молодежный , он был полностью отреставрирован и теперь предлагает своим посетителям комфортные и стильные номера, обширный спектр услуг и уникальное обслуживание. Здесь культура и современность сочетаются в гармонии, создавая уникальную атмосферу отдыха и уюта.
Гостиница   Парк Тауэр   4* (бывший отель   Молодежный  ) расположена на севере МосквыПарк Тауэр   располагает 330 современными гостиничными номерами категорий «Стандарт»Круглосуточный Room Service;" Исторический пятизвездочный отель  Савой  - настоящий жемчужина центра Москвы. Отель славится своими роскошными интерьерами, безукоризненным сервисом и вниманием к каждому гостю. Здесь каждая деталь продумана до мелочей, чтобы создать атмосферу роскоши и комфорта. Отель  Савой  - идеальное место для тех, кто ценит исключительный уровень обслуживания и изысканность атмосферы.
Исторический пятизвёздочный отель «Савой» расположен в самом центре МосквыВ распоряжении гостей номера и люксы с ортопедическими матрасами и гипоаллергенными подушкамиГости отеля могут воспользоваться услугами wellness-центра;" Гостиница  Бега  - уютное место отдыха и комфорта, где каждый гость найдет все необходимое для приятного пребывания. Изысканный интерьер, просторные и удобные номера, а также разнообразие услуг, созданных для гостей - все это делает пребывание в отеле незабываемым. Наша команда профессионалов всегда готова удовлетворить потребности и пожелания каждого гостя, делая их пребывание в  Беге  идеальным.
Гостиница   Бега   расположена поблизости от центра города Москвы и его главных магистралей - Ленинградского проспекта и Третьего Транспортного Кольца. Гостиница расположена в 10 минутах от метро   Белорусская   и   Беговая  .Несмотря на близость центра городаВ гостинице работает ресторан   Бега  . Кухня ресторана   Бега   - русская и европейскаяК услугам гостей также: круглосуточное обслуживание в номере;" Пятизвездочный отель  Four Seasons Hotel Moscow  - олицетворение роскоши и комфорта. Уникальный дизайн интерьеров, высококлассные услуги и внимательный персонал создают непревзойденную атмосферу для отдыха и деловых встреч. Отель предлагает широкий спектр удобств и развлечений, чтобы сделать ваше пребывание незабываемым.
Пятизвездочная гостиница   Four Seasons Hotel Moscow   расположена в историческом и культурном центре города Москвы в минуте ходы от Красной Площади и станции метро   Охотный Ряд  . Расстояние до международного Аэропорта Шереметьево составит 30 кмК услугам гостей 180 элегантных номеровВ отеле   Four Seasons Hotel Moscow   имеется несколько ресторанов. В ресторане Quadrum подают блюда итальянской кухни;"  Сафмар Палас Москва  - это роскошный отель, представляющий новое понимание комфорта и гостеприимства. Здесь каждая деталь создана с мыслью о незабываемом пребывании гостей: просторные и элегантные номера, великолепный ресторан с изысканной кухней и специально оборудованная зона для отдыха. Отель  Сафмар Палас Москва  гарантирует идеальные условия для деловых и туристических поездок, чтобы каждый гость ощутил себя по-настоящему уютно и приветливо принято.
Сафмар Палас Москва» (бывший Шератон Москва Палас Отель) расположен в центре Москвы на Тверской-Ямской улице205 уютных номеровРады видеть гостей на завтраках в ресторане “Владимир” и в течение дня в Пиано баре;"  Park Inn by Radisson Sadu - это идеальный выбор для тех, кто хочет насладиться комфортом в самом сердце Москвы. Здесь каждый гость может рассчитывать на уютные и звукоизолированные номера, где ему гарантирован качественный отдых и полное расслабление.
Отель Park Inn by Radisson Sadu находится в историческом центре Москвы. Гостям предоставляются звукоизолированные номераВ распоряжении гостей отеля Park Inn обставленные стильной мебелью номера. В числе удобств рабочий столРесторан отеля Park Inn by Radisson Sadu работает круглосуточно. По утрам в нем сервируется обильный завтрак «шведский стол». На обед и ужин подают блюда европейской;" и театры находятся в непосредственной близости от отеля. Отель предлагает комфортабельные номера с современным дизайном и полным набором удобств. К услугам гостей также ресторан с изысканной кухней и просторный фитнес-центр для занятий спортом и отдыха. Отель Континенталь - идеальное место для комфортного пребывания в Москве.
Отель Континенталь расположен в центре города Москвы на одной из главных улиц - Тверской - по которой можно дойти до Кремля и Красной Площади менее чем за 20 минут. МузеиК услугам гостей 203 номера различной категории. Во всех номерах предоставляется доступ в Интернет Wi-Fi.К услугам гостей отеля оздоровительный SPA-комплекс с саунойГости также могу воспользоваться услугой трансфера или оформить заказ такси. Персонал отеля оказывает экскурсионные услугиДля проведения мероприятий полностью выделен этаж площадью 613 кв.м.;" и театры находятся в непосредственной близости от отеля. Отель предлагает комфортабельные номера с современным дизайном и прекрасным видом на город. В ресторане отеля гости могут насладиться разнообразными блюдами высокого качества. Обслуживающий персонал отеля Континенталь всегда готов предоставить качественное обслуживание и сделать пребывание гостей максимально комфортным.
Номера обставлены и оснащены всем необходимым для комфортного пребывания. В распоряжении гостей ЖК-телевизорК услугам гостей: оздоровительный центр с бассейном и тренажёрным залом и ресторан. В ресторане отеля подают блюда русской и европейской кухни;" Chekhoff Hotel Moscow Curio Collection by Hilton is a premier hotel in Russia, showcasing the unique charm and sophistication of the Hilton brand. With its stylish design, modern amenities, and exceptional service, this hotel offers a truly luxurious experience for guests. Whether you're here for business or pleasure, Chekhoff Hotel Moscow guarantees a memorable stay that exceeds all expectations.
Chekhoff Hotel Moscow Curio Collection by Hilton – первый отель в России данного брендаНа первом этаже Chekhoff Hotel Moscow располагается ресторан современной русской кухниДля комфорта и удобства наших гостей мы предоставляем чайную станцию с ассортиментом чая и кофеОтель является идеальным выбором как для бизнес-путешественников;" и отличное качество обслуживания, которое гарантирует ваше комфортное пребывание. Здесь вы сможете насладиться роскошными номерами, удивительным дизайном интерьеров и уютной атмосферой, созданной специально для релаксации и отдыха. В отеле «Советский» каждый гость — особенный, и наша команда сделает все возможное, чтобы ваше пребывание стало незабываемым.
Легендарный Отель «Советский» имеет множество преимуществ — это и отменный сервисНо главной изюминкой отеля многие посетители считают его историческое прошлоеВпервые двери отеля были открыты в 1952 годуЛегендарный Отель «Советский» сегодня стал одним из лучших в Москве в категории «4 звезды». Он несколько поменял свой обликКаждый из 106 номеров отеля «Советский» выполнен в индивидуальном стилеЕще одной изюминкой Легендарного отеля «Советский» считается легендарный ресторан «Яръ»Среди посетителей отеля «Советский» в равной мере можно встретить;" Апарт-отель Norke - комфортное и современное место для проживания в Москве. Идеально подходит как для деловых путешественников, так и для отдыхающих. Уютные номера, отличное обслуживание и удобная транспортная доступность - все это делает пребывание в Norke незабываемым.
Апарт-отель Norke Варшавская расположен в шаговой доступности от станций метро   Варшавская   и   Нахимовский проспект  В гостевых номерах Norke Варшавская есть все необходимое для проживания на любой срок: индивидуальная ванная комната с феном и бесплатными косметическими принадлежностями;" Апарт-отель Norke – удобное и комфортное место для проживания в Москве. Отель предлагает своим гостям просторные апартаменты с современным дизайном и уютной атмосферой. Дружелюбный персонал всегда готов предоставить индивидуальный подход к каждому гостю, обеспечивая комфортное и приятное пребывание.
Апарт-отель Norke Варшавская расположен в шаговой доступности от станций метро   Варшавская   и   Нахимовский проспект  В гостевых номерах Norke Варшавская есть все необходимое для проживания на любой срок: индивидуальная ванная комната с феном и бесплатными косметическими принадлежностями;" Отель «Камергерский» - уникальное место, где вас ожидает истинный комфорт и роскошь. Здесь гости смогут насладиться безупречным сервисом, просторными и стильно оформленными номерами, а также разнообразными ресторанными заведениями. Пребывание в отеле «Камергерский» станет незабываемым опытом для каждого посетителя.
Отель «Камергерский» расположен в МосквеДля своих гостей здесь рады предложить комфортное расположение в номерах с индивидуальной ванной комнатойГости могут воспользоваться чайником и холодильником на небольшой кухне. Кроме того;" Отель Маросейка предлагает незабываемое пребывание в самом сердце столицы России. Богатое количество комфортабельных номеров, современные удобства и приветливый персонал гарантируют нашим гостям высокий уровень комфорта. Благодаря удобному расположению, гости смогут легко и быстро достичь главных достопримечательностей и деловых кварталов города, делая отель Маросейка идеальным выбором для путешественников.
Маросейка – самый центр столицы России. Из окон отеля открывается прекрасный вид на сквер Старой площадиОтель предлагает проживание в номерах различной категорииВ шаговой доступности от отеля находятся основные достопримечательности:— Красная площадь— Гостиный двор— Политехнический музей— Большой Театр— Чистые пруды— ГУМ— Детский Мир (открылся после реконструкции)Один из выходов ст. м. «Китай-город» расположен на первом этаже здания.Большое количество ресторанов;" Отель  Аэрополис  - идеальное место для комфортного пребывания в столице. Здесь вы найдете уютные номера, отличный сервис и все необходимые удобства. Наслаждайтесь приятным отдыхом в уютной атмосфере отеля  Аэрополис .
Отель   Аэрополис   располагается на одной из главных транспортных магистралей столицы - Ленинградском проспекте;" Апарт-отель Norke – это уютное и стильное место проживания в центре города. Сочетание комфортабельных номеров, обилие различных категорий и возможность размещения от 1 до 4 человек делают его идеальным выбором для семейных отпусков или деловых поездок. Здесь у каждого гостя найдется свое место для отдыха и работы.
Апарт-отель Norke Казанский расположен в пешей доступности от трех столичных вокзалов и станции метро   Комсомольская  . Отель насчитывает 30 комфортабельных номеров различных категорий вместимостью от 1 до 4 человек. Современные номера Norke Казанский оснащены всем необходимым для комфортного отдыха: индивидуальной ванной комнатой с феном и бесплатными косметическими принадлежностямиВ гостинице действует онлайн заезд через приложение и по коду доступа в номер. Требуется полная предоплата номера.При бронировании номера с оплатой в отеле необходимо заранее связаться с администрацией по номеру +7 925 132 97 28 для уточнения способа внесения оплаты. ;" Хостел Drop Inn – прекрасное место для комфортного проживания в Москве. У нас создана атмосфера уюта и дружелюбия, где каждый гость может расслабиться и отдохнуть после насыщенного дня. Мы предлагаем удобный общий лаундж, где вы сможете провести время с друзьями или завязать новые знакомства.
Хостел Drop Inn с общим лаунджем расположен в МосквеГостям всех номеров предоставляются полотенца и постельное белье.В 4;" Гостиница Marriott Royal Aurora Hotel - прекрасное место для комфортного проживания в самом сердце Москвы. Современный дизайн и уютная обстановка создают атмосферу спокойствия и релаксации. Предлагаемые 231 номер впечатляют разнообразием категорий и отличным качеством обслуживания.
Гостиница Marriott Royal Aurora Hotel (Марриотт Ройял Аврора Отель) располагается в Москве в самом ее центре. Гостиница располагает 231 номерами различных категорий. Во всех номерах цветной телевизор;"  Уникальный бутик-отель представляет собой оазис роскоши и комфорта. Величественная архитектура, изысканный дизайн интерьера и впечатляющая коллекция произведений искусства делают его настоящим музеем современности. Великолепный ресторан с шеф-поваром Мишлен, эксклюзивный спа-салон и приветливый персонал сделают ваше пребывание незабываемым.
Бутик расположен в многоликом историческом районе столицы82 номера со сдержанным дизайном в стиле лофтОсновные преимущества отеля Vertical Boutique: локация (5 минут от метро Таганская);" AZIMUT Москва Тульская - это превосходный отель, предлагающий комфорт и роскошь на каждом шагу. Современный дизайн номеров и безупречное обслуживание создают атмосферу истинного благополучия. Здесь гости могут насладиться широким спектром удобств и услуг, включая рестораны класса люкс, спа-центр и фитнес-зал. Этот отель - идеальный выбор для тех, кто ищет исключительный уровень комфорта в Москве.
AZIMUT Москва Тульская- это стильный отельAZIMUT Москва Тульская располагается в деловой зоне города МосквыВ отеле 144 номера различной категории. В каждом из номеров предоставляется бесплатный Интернет Wi-Fi и телефонная связь. Также номера оснащены системой кондиционирования и индивидуальными сейфамиВ отеле гости могут посетить ресторан «Мануфактура» представлены авторские блюда европейской кулинарной традиции. Ресторан вмещает до 50 Гостей и прекрасно подходит для организации свадебных банкетовТакже отель предлагает большой спектр дополнительных услуг:- Обслуживание в номерах – 24/7- Зона отдыха с библиотекой- Конференц-зал вместимостью до 90 персон- Прачечная и химчистка- Заказ трансфера из аэропорта и в аэропорт – 24/7- Тренажерный зал- Smart-киоск 24/7- Возможно размещение гостей с домашними питомцами;" Sunflower Авеню отель Москва - новый уютный отель, идеальное место для приятного отдыха. Отель предлагает комфортные номера, отличный сервис и широкий выбор удобств, чтобы сделать ваше пребывание незабываемым. Насладитесь роскошной обстановкой и гостеприимством в Sunflower Авеню отеле Москва.
Sunflower Авеню Отель Москва – новый уютный отель в МосквеSunflower Авеню Отель Москва предлагает 167 комфортабельных номеров;" Отель Norke Красносельская - это элегантное место, где гостей ждут комфорт и роскошь. Современный дизайн интерьера, просторные номера и превосходный сервис - все это создает атмосферу расслабления и комфорта для наших гостей. Приходите и насладитесь первоклассным гостеприимством в Norke Красносельская.
Отель Norke Красносельская расположен в 70 метрах от станции метро   Красносельская   и 7 минутах пешком от трех вокзалов: КазанскогоСовременные номера Norke Красносельская оснащены индивидуальной ванной комнатой с душемНа территории всего отеля работает бесплатная беспроводная сеть Wi-Fi.В гостинице действует онлайн заезд через приложение и по коду доступа в номер. Требуется полная предоплата номера.При бронировании номера с оплатой в отеле необходимо заранее связаться с администрацией по номеру +7 925 545 74 73 для уточнения способа внесения оплаты.;" Отель «МетаМосква» — идеальное место для комфортного пребывания во время вашего пребывания в столице. Гостям предлагается широкий выбор уютных номеров, где каждая деталь придумана для вашего максимального удобства. В отеле имеется ресторан с изысканной кухней, современный фитнес-центр и приветливый персонал, всегда готовый помочь вам с любыми вопросами.
Отель «МетаМосква» расположен в МосквеК услугам гостей 28 номеров различных категорий. Номера оснащены телевизором с плоским экраном. В числе удобств рабочий стол. В собственной ванной комнате установлен душ.Среди дополнительных услуг отеля бесплатный Wi-Fi;" , вы сразу попадаете на Красную площадь и в самое сердце Москвы. Гостиница обладает огромными просторными номерами с элегантным дизайном и современными удобствами. Здесь каждый гость ощутит комфорт и роскошь, насладившись великолепным обслуживанием и прекрасным видом на исторические достопримечательности города.
Отель PEOPLE Red Square расположен в  отдельном трехэтажном здании внутри тихого двора. Выйдя со двора отеляОтель PEOPLE Red Square предлагает 22 номера различных категорий;" Отель предлагает уникальные номера третьего этажа, особенностью которых являются необычные мансардные окна. Великолепный вид на уютный дворик храма Софии открывается из некоторых номеров. Отель разработан с акцентом на комфорт и уникальный дизайн, что делает его идеальным выбором для незабываемого пребывания.
два номера третьего этажа имеют необычные мансардные окна. Окна части номеров выходят на уютный дворик храма Софии.Все номера имеют собственную ванную комнату с душемОдновременно отель может принять до 37 гостей.          Отель оснащен современными системами безопасности и видеонаблюдения. ;" Шествие в мир комфорта и элегантности начинается здесь, в нашем отеле. Изысканный дизайн, безупречный сервис и внимательный персонал создадут для вас незабываемую атмосферу уюта и роскоши. Высококлассные рестораны, роскошные SPA-салоны и роскошные номера с потрясающим видом на город – все это подарит вам отдых на высшем уровне.
Желаете остановиться в тихом месте Москвы;" Символ элегантности и роскоши, St. Regis Москва Никольская - блестящий пятизвездочный отель, где каждая деталь разработана с величайшей тщательностью. Роскошные номера, изысканная кухня и безукоризненное обслуживание создают неповторимую атмосферу роскоши и комфорта. Отель St. Regis - идеальное место для тех, кто ищет незабываемый отдых в самом сердце города.
St. Regis Москва Никольская - роскошный 5-звездочный отельSt. Regis Москва Никольская находится в живом и энергичном районе города недалеко от всемирно известных исторических достопримечательностей. Мы прилагаем все усилияОтель расположен в историческом здании бывшей резиденции графа Орлова-Давыдова XIX века и предлагает гостям 209 номеровСпа-центр Iridium в лучших нью-йоркских традицияхОрлов Лаундж в лобби отеля – это уютное пространство для деловых встреч за чашкой кофе;"  Отель Q-block - это идеальное место для комфортного и непринужденного пребывания в Москве. Здесь вы найдете все необходимые удобства, чтобы отдохнуть после насыщенного дня: уютные капсулы с комфортной обстановкой, стильные общие зоны для встреч с друзьями и бесплатный Wi-Fi. Наш дружелюбный персонал всегда готов предоставить вам высокий уровень обслуживания и помочь вам с любыми запросами. Почувствуйте уникальную атмосферу Q-block и насладитесь приятным пребыванием в Москве.
Капсульный отель Q-block расположен в историческом центре МосквыК услугам гостей трехзвездочного капсульного отеля Q-Block просторные и современные номера оформленные в стиле Арт-ДекоНа территории трехзвездочного капсульного отеля Q-Block гости могут воспользоваться зоной коворкинга и открытой кухней оформлением которого занималась команда профессионалов от компании КленВ отеле имеются номера категории семейные апартаменты – двухуровневыеНепосредственной близости находятся станции метро – Баррикадная и Краснопресненская (14 минут);" Отель и кофейня  ОЛИВА ⭐⭐ звезды  - это прекрасное место для тех, кто ищет комфорта и уюта. У нас вы сможете насладиться превосходным сервисом, уютными номерами и вкусными завтраками. Наш персонал всегда готов предложить вам лучшее, чтобы сделать ваше пребывание незабываемым.
Отель и кофейня ''ОЛИВА ⭐⭐ звезды''Отель ''ОЛИВА'' находится в центральном районе города Москвы у Садового кольца;" Наш новый трехзвездочный отель - это современное и стильное место для деловых встреч и комфортного отдыха. Здесь вы найдете уникальный дизайн и высокий уровень сервиса. Наш отель - это идеальный выбор для тех, кто ценит комфорт и элегантность.
Новый трехзвездочный отель расположен в здании Ленинградского вокзала. Это современный деловой отель с уникальным стилемК услугам гостей в отеле оборудован многофункциональный конференц-центр на 40 мест; Модный бутик-отель «B.60 Hotel» - это четырехзвездочное пространство, которое предлагает непревзойденные условия, комфорт и стиль для своих гостей. Отель создан с использованием уникальных архитектурных решений, придающих ему неповторимый облик и атмосферу. Здесь каждая деталь продумана до мелочей, чтобы создать уникальный опыт проживания.